ID,COMPANY_ID,CREATED_AT
1,1,2024-01-01
2,2,2024-01-02
3,3,2024-01-03
4,4,2024-01-04
5,5,2024-01-05
6,6,2024-01-06
7,7,2024-01-07
8,8,2024-01-08
9,9,2024-01-09
10,10,2024-01-10
11,11,2024-01-11
12,12,2024-01-12
13,13,2024-01-13
14,14,2024-01-14
15,15,2024-01-15
16,16,2024-01-16
17,17,2024-01-17
18,18,2024-01-18
19,1,2024-01-19
20,20,2024-01-20
21,21,2024-01-21
22,22,2024-01-22
23,23,2024-01-23
24,24,2024-01-24
25,25,2024-01-25
26,26,2024-01-26
27,27,2024-01-27
28,28,2024-01-28
29,1,2024-01-29
30,30,2024-01-30
31,31,2024-01-31
32,32,2024-01-31
33,33,2024-01-31
34,34,2024-01-31
35,35,2024-01-31
36,36,2024-01-31
37,37,2024-01-31
38,38,2024-01-31
39,2,2024-01-31
40,40,2024-01-31
41,41,2024-01-31
42,42,2024-01-31
43,43,2024-01-31
44,44,2024-01-31
45,45,2024-01-31
46,46,2024-01-31
47,47,2024-01-31
48,3,2024-01-31
49,49,2024-01-31
50,50,2024-01-31
51,51,2024-01-31
52,52,2024-01-31
53,53,2024-01-31
54,54,2024-01-31
55,55,2024-01-31
56,56,2024-01-31
57,57,2024-01-31
58,58,2024-01-31
59,59,2024-01-31
60,3,2024-01-31
61,61,2024-01-31
62,62,2024-01-31
63,63,2024-01-31
64,64,2024-01-31
65,65,2024-01-31
66,66,2024-01-31
67,67,2024-01-31
68,68,2024-01-31
69,69,2024-01-31
70,70,2024-01-31
71,71,2024-01-31
72,72,2024-01-31
73,4,2024-01-31
74,74,2024-01-31
75,75,2024-01-31
76,76,2024-01-31
77,77,2024-01-31
78,78,2024-01-31
79,79,2024-01-31
80,80,2024-01-31
81,81,2024-01-31
82,82,2024-01-31
83,83,2024-01-31
84,84,2024-01-31
85,85,2024-01-31
86,10,2024-01-31
87,87,2024-01-31
88,88,2024-01-31
89,89,2024-01-31
90,90,2024-01-31
91,91,2024-01-31
92,92,2024-01-31
93,93,2024-01-31
94,94,2024-01-31
95,95,2024-01-31
96,96,2024-01-31
97,97,2024-01-31
98,12,2024-01-31
99,99,2024-01-31
100,100,2024-01-31